<?xml version="1.0" encoding="UTF-8"?>
<root>
  <item name="cn.woblog.android.downloader.domain.DownloadInfo int getStatus()">
    <annotation name="android.support.annotation.IntDef">
      <val name="value" val="{cn.woblog.android.downloader.domain.DownloadInfo.STATUS_NONE, cn.woblog.android.downloader.domain.DownloadInfo.STATUS_PREPARE_DOWNLOAD, cn.woblog.android.downloader.domain.DownloadInfo.STATUS_DOWNLOADING, cn.woblog.android.downloader.domain.DownloadInfo.STATUS_WAIT, cn.woblog.android.downloader.domain.DownloadInfo.STATUS_PAUSED, cn.woblog.android.downloader.domain.DownloadInfo.STATUS_COMPLETED, cn.woblog.android.downloader.domain.DownloadInfo.STATUS_ERROR, cn.woblog.android.downloader.domain.DownloadInfo.STATUS_REMOVED}" />
    </annotation>
  </item>
  <item name="cn.woblog.android.downloader.domain.DownloadInfo status">
    <annotation name="android.support.annotation.IntDef">
      <val name="value" val="{cn.woblog.android.downloader.domain.DownloadInfo.STATUS_NONE, cn.woblog.android.downloader.domain.DownloadInfo.STATUS_PREPARE_DOWNLOAD, cn.woblog.android.downloader.domain.DownloadInfo.STATUS_DOWNLOADING, cn.woblog.android.downloader.domain.DownloadInfo.STATUS_WAIT, cn.woblog.android.downloader.domain.DownloadInfo.STATUS_PAUSED, cn.woblog.android.downloader.domain.DownloadInfo.STATUS_COMPLETED, cn.woblog.android.downloader.domain.DownloadInfo.STATUS_ERROR, cn.woblog.android.downloader.domain.DownloadInfo.STATUS_REMOVED}" />
    </annotation>
  </item>
  <item name="cn.woblog.android.downloader.domain.DownloadInfo.DownloadStatus">
    <annotation name="android.support.annotation.IntDef">
      <val name="value" val="{cn.woblog.android.downloader.domain.DownloadInfo.STATUS_NONE, cn.woblog.android.downloader.domain.DownloadInfo.STATUS_PREPARE_DOWNLOAD, cn.woblog.android.downloader.domain.DownloadInfo.STATUS_DOWNLOADING, cn.woblog.android.downloader.domain.DownloadInfo.STATUS_WAIT, cn.woblog.android.downloader.domain.DownloadInfo.STATUS_PAUSED, cn.woblog.android.downloader.domain.DownloadInfo.STATUS_COMPLETED, cn.woblog.android.downloader.domain.DownloadInfo.STATUS_ERROR, cn.woblog.android.downloader.domain.DownloadInfo.STATUS_REMOVED}" />
    </annotation>
  </item>
</root>

