<?xml version="1.0" encoding="UTF-8"?>
<root>
  <item name="cn.woblog.android.downloader.exception.DownloadException DownloadException(int) 0">
    <annotation name="android.support.annotation.IntDef">
      <val name="value" val="{cn.woblog.android.downloader.exception.DownloadException.EXCEPTION_URL_NULL, cn.woblog.android.downloader.exception.DownloadException.EXCEPTION_PATH_NULL, cn.woblog.android.downloader.exception.DownloadException.EXCEPTION_URL_ERROR, cn.woblog.android.downloader.exception.DownloadException.EXCEPTION_SERVER_ERROR, cn.woblog.android.downloader.exception.DownloadException.EXCEPTION_PROTOCOL, cn.woblog.android.downloader.exception.DownloadException.EXCEPTION_IO_EXCEPTION, cn.woblog.android.downloader.exception.DownloadException.EXCEPTION_FILE_SIZE_ZERO, cn.woblog.android.downloader.exception.DownloadException.EXCEPTION_PAUSE, cn.woblog.android.downloader.exception.DownloadException.EXCEPTION_SERVER_SUPPORT_CODE, cn.woblog.android.downloader.exception.DownloadException.EXCEPTION_OTHER}" />
    </annotation>
  </item>
  <item name="cn.woblog.android.downloader.exception.DownloadException DownloadException(int, java.lang.String) 0">
    <annotation name="android.support.annotation.IntDef">
      <val name="value" val="{cn.woblog.android.downloader.exception.DownloadException.EXCEPTION_URL_NULL, cn.woblog.android.downloader.exception.DownloadException.EXCEPTION_PATH_NULL, cn.woblog.android.downloader.exception.DownloadException.EXCEPTION_URL_ERROR, cn.woblog.android.downloader.exception.DownloadException.EXCEPTION_SERVER_ERROR, cn.woblog.android.downloader.exception.DownloadException.EXCEPTION_PROTOCOL, cn.woblog.android.downloader.exception.DownloadException.EXCEPTION_IO_EXCEPTION, cn.woblog.android.downloader.exception.DownloadException.EXCEPTION_FILE_SIZE_ZERO, cn.woblog.android.downloader.exception.DownloadException.EXCEPTION_PAUSE, cn.woblog.android.downloader.exception.DownloadException.EXCEPTION_SERVER_SUPPORT_CODE, cn.woblog.android.downloader.exception.DownloadException.EXCEPTION_OTHER}" />
    </annotation>
  </item>
  <item name="cn.woblog.android.downloader.exception.DownloadException DownloadException(int, java.lang.String, java.lang.Throwable) 0">
    <annotation name="android.support.annotation.IntDef">
      <val name="value" val="{cn.woblog.android.downloader.exception.DownloadException.EXCEPTION_URL_NULL, cn.woblog.android.downloader.exception.DownloadException.EXCEPTION_PATH_NULL, cn.woblog.android.downloader.exception.DownloadException.EXCEPTION_URL_ERROR, cn.woblog.android.downloader.exception.DownloadException.EXCEPTION_SERVER_ERROR, cn.woblog.android.downloader.exception.DownloadException.EXCEPTION_PROTOCOL, cn.woblog.android.downloader.exception.DownloadException.EXCEPTION_IO_EXCEPTION, cn.woblog.android.downloader.exception.DownloadException.EXCEPTION_FILE_SIZE_ZERO, cn.woblog.android.downloader.exception.DownloadException.EXCEPTION_PAUSE, cn.woblog.android.downloader.exception.DownloadException.EXCEPTION_SERVER_SUPPORT_CODE, cn.woblog.android.downloader.exception.DownloadException.EXCEPTION_OTHER}" />
    </annotation>
  </item>
  <item name="cn.woblog.android.downloader.exception.DownloadException DownloadException(int, java.lang.Throwable) 0">
    <annotation name="android.support.annotation.IntDef">
      <val name="value" val="{cn.woblog.android.downloader.exception.DownloadException.EXCEPTION_URL_NULL, cn.woblog.android.downloader.exception.DownloadException.EXCEPTION_PATH_NULL, cn.woblog.android.downloader.exception.DownloadException.EXCEPTION_URL_ERROR, cn.woblog.android.downloader.exception.DownloadException.EXCEPTION_SERVER_ERROR, cn.woblog.android.downloader.exception.DownloadException.EXCEPTION_PROTOCOL, cn.woblog.android.downloader.exception.DownloadException.EXCEPTION_IO_EXCEPTION, cn.woblog.android.downloader.exception.DownloadException.EXCEPTION_FILE_SIZE_ZERO, cn.woblog.android.downloader.exception.DownloadException.EXCEPTION_PAUSE, cn.woblog.android.downloader.exception.DownloadException.EXCEPTION_SERVER_SUPPORT_CODE, cn.woblog.android.downloader.exception.DownloadException.EXCEPTION_OTHER}" />
    </annotation>
  </item>
  <item name="cn.woblog.android.downloader.exception.DownloadException.ExceptionType">
    <annotation name="android.support.annotation.IntDef">
      <val name="value" val="{cn.woblog.android.downloader.exception.DownloadException.EXCEPTION_URL_NULL, cn.woblog.android.downloader.exception.DownloadException.EXCEPTION_PATH_NULL, cn.woblog.android.downloader.exception.DownloadException.EXCEPTION_URL_ERROR, cn.woblog.android.downloader.exception.DownloadException.EXCEPTION_SERVER_ERROR, cn.woblog.android.downloader.exception.DownloadException.EXCEPTION_PROTOCOL, cn.woblog.android.downloader.exception.DownloadException.EXCEPTION_IO_EXCEPTION, cn.woblog.android.downloader.exception.DownloadException.EXCEPTION_FILE_SIZE_ZERO, cn.woblog.android.downloader.exception.DownloadException.EXCEPTION_PAUSE, cn.woblog.android.downloader.exception.DownloadException.EXCEPTION_SERVER_SUPPORT_CODE, cn.woblog.android.downloader.exception.DownloadException.EXCEPTION_OTHER}" />
    </annotation>
  </item>
  <item name="cn.woblog.android.downloader.exception.DownloadPauseException DownloadPauseException(int) 0">
    <annotation name="android.support.annotation.IntDef">
      <val name="value" val="{cn.woblog.android.downloader.exception.DownloadException.EXCEPTION_URL_NULL, cn.woblog.android.downloader.exception.DownloadException.EXCEPTION_PATH_NULL, cn.woblog.android.downloader.exception.DownloadException.EXCEPTION_URL_ERROR, cn.woblog.android.downloader.exception.DownloadException.EXCEPTION_SERVER_ERROR, cn.woblog.android.downloader.exception.DownloadException.EXCEPTION_PROTOCOL, cn.woblog.android.downloader.exception.DownloadException.EXCEPTION_IO_EXCEPTION, cn.woblog.android.downloader.exception.DownloadException.EXCEPTION_FILE_SIZE_ZERO, cn.woblog.android.downloader.exception.DownloadException.EXCEPTION_PAUSE, cn.woblog.android.downloader.exception.DownloadException.EXCEPTION_SERVER_SUPPORT_CODE, cn.woblog.android.downloader.exception.DownloadException.EXCEPTION_OTHER}" />
    </annotation>
  </item>
  <item name="cn.woblog.android.downloader.exception.DownloadPauseException DownloadPauseException(int, java.lang.String) 0">
    <annotation name="android.support.annotation.IntDef">
      <val name="value" val="{cn.woblog.android.downloader.exception.DownloadException.EXCEPTION_URL_NULL, cn.woblog.android.downloader.exception.DownloadException.EXCEPTION_PATH_NULL, cn.woblog.android.downloader.exception.DownloadException.EXCEPTION_URL_ERROR, cn.woblog.android.downloader.exception.DownloadException.EXCEPTION_SERVER_ERROR, cn.woblog.android.downloader.exception.DownloadException.EXCEPTION_PROTOCOL, cn.woblog.android.downloader.exception.DownloadException.EXCEPTION_IO_EXCEPTION, cn.woblog.android.downloader.exception.DownloadException.EXCEPTION_FILE_SIZE_ZERO, cn.woblog.android.downloader.exception.DownloadException.EXCEPTION_PAUSE, cn.woblog.android.downloader.exception.DownloadException.EXCEPTION_SERVER_SUPPORT_CODE, cn.woblog.android.downloader.exception.DownloadException.EXCEPTION_OTHER}" />
    </annotation>
  </item>
  <item name="cn.woblog.android.downloader.exception.DownloadPauseException DownloadPauseException(int, java.lang.String, java.lang.Throwable) 0">
    <annotation name="android.support.annotation.IntDef">
      <val name="value" val="{cn.woblog.android.downloader.exception.DownloadException.EXCEPTION_URL_NULL, cn.woblog.android.downloader.exception.DownloadException.EXCEPTION_PATH_NULL, cn.woblog.android.downloader.exception.DownloadException.EXCEPTION_URL_ERROR, cn.woblog.android.downloader.exception.DownloadException.EXCEPTION_SERVER_ERROR, cn.woblog.android.downloader.exception.DownloadException.EXCEPTION_PROTOCOL, cn.woblog.android.downloader.exception.DownloadException.EXCEPTION_IO_EXCEPTION, cn.woblog.android.downloader.exception.DownloadException.EXCEPTION_FILE_SIZE_ZERO, cn.woblog.android.downloader.exception.DownloadException.EXCEPTION_PAUSE, cn.woblog.android.downloader.exception.DownloadException.EXCEPTION_SERVER_SUPPORT_CODE, cn.woblog.android.downloader.exception.DownloadException.EXCEPTION_OTHER}" />
    </annotation>
  </item>
  <item name="cn.woblog.android.downloader.exception.DownloadPauseException DownloadPauseException(int, java.lang.Throwable) 0">
    <annotation name="android.support.annotation.IntDef">
      <val name="value" val="{cn.woblog.android.downloader.exception.DownloadException.EXCEPTION_URL_NULL, cn.woblog.android.downloader.exception.DownloadException.EXCEPTION_PATH_NULL, cn.woblog.android.downloader.exception.DownloadException.EXCEPTION_URL_ERROR, cn.woblog.android.downloader.exception.DownloadException.EXCEPTION_SERVER_ERROR, cn.woblog.android.downloader.exception.DownloadException.EXCEPTION_PROTOCOL, cn.woblog.android.downloader.exception.DownloadException.EXCEPTION_IO_EXCEPTION, cn.woblog.android.downloader.exception.DownloadException.EXCEPTION_FILE_SIZE_ZERO, cn.woblog.android.downloader.exception.DownloadException.EXCEPTION_PAUSE, cn.woblog.android.downloader.exception.DownloadException.EXCEPTION_SERVER_SUPPORT_CODE, cn.woblog.android.downloader.exception.DownloadException.EXCEPTION_OTHER}" />
    </annotation>
  </item>
</root>

